Version,SEO_Element,Value
version-2016,File Path,version-2016/index.html
version-2016,Title,Law4Veterans - 2016 Version
version-2016,Meta Description,Not Found
version-2016,Meta Keywords,Not Found
version-2016,Meta Author,Not Found
version-2016,Meta Viewport,"width=device-width, initial-scale=1.0"
version-2016,Meta Robots,Not Found
version-2016,Canonical URL,Not Found
version-2016,h2_1,Denied Benefits?
version-2016,h2_2,Locked Out of Benefits?
version-2016,h2_3,Contact Us TODAY!
version-2016,Image Alt_1,Law4Veterans Logo
version-2016,Link_1,#
version-2016,Link_2,#
version-2016,Link_3,#
version-2016,Link_4,#
version-2016,Link_5,#
version-2016,Link_6,#
version-2016,Link_7,#
version-2016,Language,en
version-2016,---,---
version-2016,File Path,version-2016/scraped_content.html
version-2016,Title,Not Found
version-2016,Meta Description,Not Found
version-2016,Meta Keywords,Not Found
version-2016,Meta Author,Not Found
version-2016,Meta Viewport,Not Found
version-2016,Meta Robots,Not Found
version-2016,Canonical URL,Not Found
version-2016,Language,Not Found
version-2016,---,---
current_version,File Path,./testimonials.html
current_version,Title,Testimonials - Law4Veterans
current_version,Meta Description,Not Found
current_version,Meta Keywords,Not Found
current_version,Meta Author,Not Found
current_version,Meta Viewport,"width=device-width, initial-scale=1.0"
current_version,Meta Robots,Not Found
current_version,Canonical URL,Not Found
current_version,h1_1,Law4Veterans
current_version,h2_1,What Vets Say about Us
current_version,Link_1,index.html
current_version,Link_2,about.html
current_version,Link_3,appeals.html
current_version,Link_4,testimonials.html
current_version,Link_5,blog.html
current_version,Link_6,contact.html
current_version,Link_7,javascript:void(0)
current_version,Link_8,version-2020/index.html
current_version,Link_9,version-2016/index.html
current_version,Link_10,version-2015/index.html
current_version,Language,en
current_version,---,---
current_version,File Path,./contact.html
current_version,Title,Contact Us - Law4Veterans
current_version,Meta Description,Not Found
current_version,Meta Keywords,Not Found
current_version,Meta Author,Not Found
current_version,Meta Viewport,"width=device-width, initial-scale=1.0"
current_version,Meta Robots,Not Found
current_version,Canonical URL,Not Found
current_version,h1_1,Law4Veterans
current_version,h2_1,Contact Law4Veterans
current_version,h3_1,Contact Law4Veterans
current_version,Link_1,index.html
current_version,Link_2,about.html
current_version,Link_3,appeals.html
current_version,Link_4,testimonials.html
current_version,Link_5,blog.html
current_version,Link_6,contact.html
current_version,Link_7,javascript:void(0)
current_version,Link_8,version-2020/index.html
current_version,Link_9,version-2016/index.html
current_version,Link_10,version-2015/index.html
current_version,Link_11,mailto:joe@law4veterans.com
current_version,Language,en
current_version,---,---
current_version,File Path,./about.html
current_version,Title,About Us - Law4Veterans
current_version,Meta Description,Not Found
current_version,Meta Keywords,Not Found
current_version,Meta Author,Not Found
current_version,Meta Viewport,"width=device-width, initial-scale=1.0"
current_version,Meta Robots,Not Found
current_version,Canonical URL,Not Found
current_version,h1_1,Law4Veterans
current_version,h2_1,Our Commitment
current_version,h3_1,Nationwide. Veterans. Lawyers.
current_version,Link_1,index.html
current_version,Link_2,about.html
current_version,Link_3,appeals.html
current_version,Link_4,testimonials.html
current_version,Link_5,blog.html
current_version,Link_6,contact.html
current_version,Link_7,javascript:void(0)
current_version,Link_8,version-2020/index.html
current_version,Link_9,version-2016/index.html
current_version,Link_10,version-2015/index.html
current_version,Link_11,contact.html
current_version,Language,en
current_version,---,---
current_version,File Path,./index.html
current_version,Title,Law4Veterans
current_version,Meta Description,Not Found
current_version,Meta Keywords,Not Found
current_version,Meta Author,Not Found
current_version,Meta Viewport,"width=device-width, initial-scale=1.0"
current_version,Meta Robots,Not Found
current_version,Canonical URL,Not Found
current_version,h1_1,Law4Veterans
current_version,h2_1,Have You Been Denied a VA Benefits Claim?
current_version,h2_2,Have You Been Denied Veterans Disability Benefits?
current_version,h2_3,Do You Feel like You’re Locked Out of Your Benefits?
current_version,h2_4,Post Traumatic Stress Disorder (PTSD)
current_version,h2_5,PACT ACT
current_version,h2_6,Burn Pit Exposure
current_version,h2_7,Military Sexual Trauma/Military Assault
current_version,h2_8,Orthopedic Injuries
current_version,h2_9,Chronic Diseases Acquired while in service
current_version,h2_10,Vaccine Injuries
current_version,h2_11,Toxic Chemical Exposure/Agent Orange/Radiation
current_version,h3_1,What does it mean to have a presumptive condition for toxic exposure?
current_version,h3_2,These cancers are now presumptive:
current_version,h3_3,These illnesses are now presumptive:
current_version,Link_1,index.html
current_version,Link_2,about.html
current_version,Link_3,appeals.html
current_version,Link_4,testimonials.html
current_version,Link_5,blog.html
current_version,Link_6,contact.html
current_version,Link_7,javascript:void(0)
current_version,Link_8,version-2020/index.html
current_version,Link_9,version-2016/index.html
current_version,Link_10,version-2015/index.html
current_version,Link_11,contact.html
current_version,Link_12,testimonials.html
current_version,Link_13,about.html
current_version,Language,en
current_version,---,---
current_version,File Path,./blog.html
current_version,Title,Blog - Law4Veterans
current_version,Meta Description,Not Found
current_version,Meta Keywords,Not Found
current_version,Meta Author,Not Found
current_version,Meta Viewport,"width=device-width, initial-scale=1.0"
current_version,Meta Robots,Not Found
current_version,Canonical URL,Not Found
current_version,h1_1,Law4Veterans
current_version,h2_1,Blog
current_version,h3_1,Board of Veteran’s Appeals
current_version,Link_1,index.html
current_version,Link_2,about.html
current_version,Link_3,appeals.html
current_version,Link_4,testimonials.html
current_version,Link_5,blog.html
current_version,Link_6,contact.html
current_version,Link_7,javascript:void(0)
current_version,Link_8,version-2020/index.html
current_version,Link_9,version-2016/index.html
current_version,Link_10,version-2015/index.html
current_version,Link_11,#
current_version,Language,en
current_version,---,---
current_version,File Path,./appeals.html
current_version,Title,Help with Appeals - Law4Veterans
current_version,Meta Description,Not Found
current_version,Meta Keywords,Not Found
current_version,Meta Author,Not Found
current_version,Meta Viewport,"width=device-width, initial-scale=1.0"
current_version,Meta Robots,Not Found
current_version,Canonical URL,Not Found
current_version,h1_1,Law4Veterans
current_version,h2_1,Help With Appeals
current_version,h3_1,Help With Appeals
current_version,Link_1,index.html
current_version,Link_2,about.html
current_version,Link_3,appeals.html
current_version,Link_4,testimonials.html
current_version,Link_5,blog.html
current_version,Link_6,contact.html
current_version,Link_7,javascript:void(0)
current_version,Link_8,version-2020/index.html
current_version,Link_9,version-2016/index.html
current_version,Link_10,version-2015/index.html
current_version,Language,en
current_version,---,---
current_version,File Path,./version-2020/index.html
current_version,Title,Law4Veterans - 2020 Version
current_version,Meta Description,Not Found
current_version,Meta Keywords,Not Found
current_version,Meta Author,Not Found
current_version,Meta Viewport,"width=device-width, initial-scale=1.0"
current_version,Meta Robots,Not Found
current_version,Canonical URL,Not Found
current_version,h1_1,Have You Been Denied a VA Benefits Claim?
current_version,h2_1,Have you been denied Veterans Disability Benefits?
current_version,h2_2,Do you Feel Like You’re Locked Out of your benefits?
current_version,h2_3,Call Today to Schedule your FREE Consultation
current_version,h3_1,"Bochicchio & Pennebaker, PLLC"
current_version,Link_1,#
current_version,Link_2,#
current_version,Link_3,#
current_version,Link_4,#
current_version,Link_5,#
current_version,Link_6,#
current_version,Link_7,#
current_version,Link_8,#
current_version,Link_9,#
current_version,Language,en
current_version,---,---
current_version,File Path,./version-2020/scraped_content.html
current_version,Title,Not Found
current_version,Meta Description,Not Found
current_version,Meta Keywords,Not Found
current_version,Meta Author,Not Found
current_version,Meta Viewport,Not Found
current_version,Meta Robots,Not Found
current_version,Canonical URL,Not Found
current_version,Language,Not Found
current_version,---,---
current_version,File Path,./version-2015/index.html
current_version,Title,Law4Veterans - 2015 Version
current_version,Meta Description,Not Found
current_version,Meta Keywords,Not Found
current_version,Meta Author,Not Found
current_version,Meta Viewport,"width=device-width, initial-scale=1.0"
current_version,Meta Robots,Not Found
current_version,Canonical URL,Not Found
current_version,h1_1,DENIED VA BENEFITS?
current_version,h2_1,"Joseph M Bochicchio, PLLC"
current_version,h2_2,Denied Veterans Disability Benefits?
current_version,h2_3,"Feel Like You're ""Locked Out"" of Your Benefits?"
current_version,h3_1,Law 4 Veterans
current_version,Link_1,#
current_version,Link_2,#
current_version,Link_3,#
current_version,Link_4,#
current_version,Language,en
current_version,---,---
current_version,File Path,./version-2015/scraped_content.html
current_version,Title,Not Found
current_version,Meta Description,Not Found
current_version,Meta Keywords,Not Found
current_version,Meta Author,Not Found
current_version,Meta Viewport,Not Found
current_version,Meta Robots,Not Found
current_version,Canonical URL,Not Found
current_version,Language,Not Found
current_version,---,---
current_version,File Path,./version-2016/index.html
current_version,Title,Law4Veterans - 2016 Version
current_version,Meta Description,Not Found
current_version,Meta Keywords,Not Found
current_version,Meta Author,Not Found
current_version,Meta Viewport,"width=device-width, initial-scale=1.0"
current_version,Meta Robots,Not Found
current_version,Canonical URL,Not Found
current_version,h2_1,Denied Benefits?
current_version,h2_2,Locked Out of Benefits?
current_version,h2_3,Contact Us TODAY!
current_version,Image Alt_1,Law4Veterans Logo
current_version,Link_1,#
current_version,Link_2,#
current_version,Link_3,#
current_version,Link_4,#
current_version,Link_5,#
current_version,Link_6,#
current_version,Link_7,#
current_version,Language,en
current_version,---,---
current_version,File Path,./version-2016/scraped_content.html
current_version,Title,Not Found
current_version,Meta Description,Not Found
current_version,Meta Keywords,Not Found
current_version,Meta Author,Not Found
current_version,Meta Viewport,Not Found
current_version,Meta Robots,Not Found
current_version,Canonical URL,Not Found
current_version,Language,Not Found
current_version,---,---
current_version,File Path,./scraped_content/20240820140802_index.html
current_version,Title,Not Found
current_version,Meta Description,Not Found
current_version,Meta Keywords,Not Found
current_version,Meta Author,Not Found
current_version,Meta Viewport,Not Found
current_version,Meta Robots,Not Found
current_version,Canonical URL,Not Found
current_version,Language,Not Found
current_version,---,---
current_version,File Path,./scraped_content/20240820140802_blog.html
current_version,Title,Not Found
current_version,Meta Description,Not Found
current_version,Meta Keywords,Not Found
current_version,Meta Author,Not Found
current_version,Meta Viewport,Not Found
current_version,Meta Robots,Not Found
current_version,Canonical URL,Not Found
current_version,Language,Not Found
current_version,---,---
current_version,File Path,./scraped_content/20240820140802_about-us.html
current_version,Title,Not Found
current_version,Meta Description,Not Found
current_version,Meta Keywords,Not Found
current_version,Meta Author,Not Found
current_version,Meta Viewport,Not Found
current_version,Meta Robots,Not Found
current_version,Canonical URL,Not Found
current_version,Language,Not Found
current_version,---,---
current_version,File Path,./scraped_content/20240820140802_what-vets-say-about-us.html
current_version,Title,Not Found
current_version,Meta Description,Not Found
current_version,Meta Keywords,Not Found
current_version,Meta Author,Not Found
current_version,Meta Viewport,Not Found
current_version,Meta Robots,Not Found
current_version,Canonical URL,Not Found
current_version,Language,Not Found
current_version,---,---
current_version,File Path,./scraped_content/20240820140802_help-with-appeals.html
current_version,Title,Not Found
current_version,Meta Description,Not Found
current_version,Meta Keywords,Not Found
current_version,Meta Author,Not Found
current_version,Meta Viewport,Not Found
current_version,Meta Robots,Not Found
current_version,Canonical URL,Not Found
current_version,Language,Not Found
current_version,---,---
current_version,File Path,./scraped_content/20240820140802_contact-us.html
current_version,Title,Not Found
current_version,Meta Description,Not Found
current_version,Meta Keywords,Not Found
current_version,Meta Author,Not Found
current_version,Meta Viewport,Not Found
current_version,Meta Robots,Not Found
current_version,Canonical URL,Not Found
current_version,Language,Not Found
current_version,---,---
version-2015,File Path,version-2015/index.html
version-2015,Title,Law4Veterans - 2015 Version
version-2015,Meta Description,Not Found
version-2015,Meta Keywords,Not Found
version-2015,Meta Author,Not Found
version-2015,Meta Viewport,"width=device-width, initial-scale=1.0"
version-2015,Meta Robots,Not Found
version-2015,Canonical URL,Not Found
version-2015,h1_1,DENIED VA BENEFITS?
version-2015,h2_1,"Joseph M Bochicchio, PLLC"
version-2015,h2_2,Denied Veterans Disability Benefits?
version-2015,h2_3,"Feel Like You're ""Locked Out"" of Your Benefits?"
version-2015,h3_1,Law 4 Veterans
version-2015,Link_1,#
version-2015,Link_2,#
version-2015,Link_3,#
version-2015,Link_4,#
version-2015,Language,en
version-2015,---,---
version-2015,File Path,version-2015/scraped_content.html
version-2015,Title,Not Found
version-2015,Meta Description,Not Found
version-2015,Meta Keywords,Not Found
version-2015,Meta Author,Not Found
version-2015,Meta Viewport,Not Found
version-2015,Meta Robots,Not Found
version-2015,Canonical URL,Not Found
version-2015,Language,Not Found
version-2015,---,---
version-2020,File Path,version-2020/index.html
version-2020,Title,Law4Veterans - 2020 Version
version-2020,Meta Description,Not Found
version-2020,Meta Keywords,Not Found
version-2020,Meta Author,Not Found
version-2020,Meta Viewport,"width=device-width, initial-scale=1.0"
version-2020,Meta Robots,Not Found
version-2020,Canonical URL,Not Found
version-2020,h1_1,Have You Been Denied a VA Benefits Claim?
version-2020,h2_1,Have you been denied Veterans Disability Benefits?
version-2020,h2_2,Do you Feel Like You’re Locked Out of your benefits?
version-2020,h2_3,Call Today to Schedule your FREE Consultation
version-2020,h3_1,"Bochicchio & Pennebaker, PLLC"
version-2020,Link_1,#
version-2020,Link_2,#
version-2020,Link_3,#
version-2020,Link_4,#
version-2020,Link_5,#
version-2020,Link_6,#
version-2020,Link_7,#
version-2020,Link_8,#
version-2020,Link_9,#
version-2020,Language,en
version-2020,---,---
version-2020,File Path,version-2020/scraped_content.html
version-2020,Title,Not Found
version-2020,Meta Description,Not Found
version-2020,Meta Keywords,Not Found
version-2020,Meta Author,Not Found
version-2020,Meta Viewport,Not Found
version-2020,Meta Robots,Not Found
version-2020,Canonical URL,Not Found
version-2020,Language,Not Found
version-2020,---,---
